,baseMean,log2FoldChange,lfcSE,stat,pvalue,padj
PBX1,2024.513177,-10.92805068,0.938955247,-11.63852133,2.63E-31,4.82E-27
MYCT1,2264.812894,-11.09101497,1.204468483,-9.20822348,3.32E-20,3.04E-16
MECOM,954.8645971,-10.55221646,1.192860888,-8.846141712,9.06E-19,5.54E-15
HLF,1379.40315,-12.70497095,1.461490589,-8.693159604,3.52E-18,1.62E-14
PRKG2,1469.056812,-11.76027454,1.370740497,-8.579504701,9.53E-18,3.50E-14
TIMP3,583.4067954,-11.47439794,1.348970547,-8.506040372,1.80E-17,5.50E-14
TMEM246,684.4434757,-10.78779436,1.271578484,-8.483781771,2.18E-17,5.71E-14
GPR126,1822.250828,-10.21923271,1.211353195,-8.436212288,3.28E-17,7.52E-14
SERPINA1,2915.788523,11.06504414,1.340398757,8.255039096,1.52E-16,3.10E-13
CALN1,709.1309288,-9.683581977,1.18376349,-8.180335056,2.83E-16,5.19E-13
PLS3,481.1484785,-12.16926619,1.549209704,-7.855144568,3.99E-15,6.66E-12
PLOD2,642.1627251,-11.59599552,1.518808723,-7.634928179,2.26E-14,3.27E-11
FAT4,498.4020018,-11.23458415,1.473913572,-7.6222815,2.49E-14,3.27E-11
SEMA6B,22.40428537,21.63990889,2.838905552,7.622623752,2.49E-14,3.27E-11
ZNF462,455.7480488,-12.09099317,1.592479609,-7.592557604,3.14E-14,3.60E-11
MAGI2-AS3,487.8191039,-12.18922799,1.603819068,-7.60012662,2.96E-14,3.60E-11
CRHBP,3878.975176,-9.48332621,1.254576053,-7.558988704,4.06E-14,4.38E-11
PREX2,985.7704203,-12.205566,1.619160154,-7.538207984,4.76E-14,4.86E-11
CHRM3,658.2153023,-8.750690024,1.171869049,-7.467293408,8.19E-14,7.91E-11
FGD5,253.2828367,-11.24317707,1.513758507,-7.427325441,1.11E-13,1.02E-10
TNIP3,17.73672592,21.31211488,2.878128064,7.404852879,1.31E-13,1.15E-10
SKAP1,368.1095913,-8.13482142,1.102197088,-7.38055064,1.58E-13,1.31E-10
TAL1,1333.181113,-8.417493155,1.144314624,-7.355925528,1.90E-13,1.51E-10
FCN1,1240.110552,13.97850262,1.907010388,7.330061077,2.30E-13,1.76E-10
ACPP,645.4456022,12.02427417,1.647529518,7.298366459,2.91E-13,2.14E-10
HEMGN,1551.751106,-8.635197646,1.185162498,-7.286087484,3.19E-13,2.25E-10
CD86,912.6553674,13.53605236,1.861617274,7.271125245,3.57E-13,2.42E-10
CCR1,2558.810242,11.83268725,1.630515051,7.257024243,3.96E-13,2.59E-10
S100A8,3720.908767,10.69834986,1.479751139,7.229830456,4.84E-13,3.06E-10
BAALC,260.0914965,-6.471620027,0.896846749,-7.215970882,5.36E-13,3.28E-10
TC2N,203.8672445,-9.994351943,1.391207508,-7.183940487,6.77E-13,3.88E-10
FBN1,475.2980391,-5.685995193,0.791027591,-7.188112346,6.57E-13,3.88E-10
LIMCH1,594.9626732,-10.03458264,1.407480699,-7.129463758,1.01E-12,5.46E-10
CCR5,674.1687311,10.26765182,1.440285614,7.128899799,1.01E-12,5.46E-10
SIRPB1,1742.019822,10.05535668,1.412318275,7.11975258,1.08E-12,5.67E-10
RNASE6,1610.935194,8.680252067,1.22194185,7.103653964,1.22E-12,6.19E-10
LILRA1,1804.176531,8.81072825,1.247989449,7.059938092,1.67E-12,8.26E-10
MPDZ,504.9645698,-10.34227651,1.468927563,-7.040698787,1.91E-12,9.24E-10
ST6GAL2,282.1649683,-10.46835027,1.505552345,-6.953162608,3.57E-12,1.65E-09
PCYT1B,120.3383648,-10.16903984,1.462753422,-6.951984993,3.60E-12,1.65E-09
NFIB,294.69351,-10.47272599,1.507850976,-6.945464873,3.77E-12,1.69E-09
NAP1L3,279.5008958,-10.39639789,1.506789558,-6.899701309,5.21E-12,2.28E-09
CYYR1,313.6776451,-8.891885558,1.292715383,-6.878455747,6.05E-12,2.57E-09
CD1D,787.6102348,10.05116391,1.461860477,6.875597278,6.17E-12,2.57E-09
EGLN3,251.3219917,-10.24369903,1.491218606,-6.869347653,6.45E-12,2.63E-09
GPR56,364.0553782,-6.758181405,0.985044134,-6.86079047,6.85E-12,2.73E-09
LYZ,50061.08931,8.138578979,1.199948494,6.782440264,1.18E-11,4.61E-09
DTX4,357.8804951,12.18523755,1.800545186,6.767526663,1.31E-11,5.01E-09
BEND7,185.8975462,-10.79679529,1.597288699,-6.759451372,1.39E-11,5.19E-09
MPEG1,28792.12021,10.2845267,1.524949132,6.744176895,1.54E-11,5.65E-09
PRKG1,381.5038791,-11.83454406,1.757426798,-6.73401821,1.65E-11,5.94E-09
PEAR1,113.298673,-7.683081089,1.142054467,-6.727420897,1.73E-11,5.98E-09
CD101,225.5997186,11.51934667,1.711639857,6.730006096,1.70E-11,5.98E-09
TYROBP,626.9303363,5.653210314,0.842551395,6.709632606,1.95E-11,6.53E-09
SYTL4,479.9643577,-6.033459041,0.899275913,-6.709241243,1.96E-11,6.53E-09
TLR8,1460.925004,8.986950629,1.345473074,6.679398348,2.40E-11,7.72E-09
CD163,2838.758837,11.64391459,1.742612875,6.681871093,2.36E-11,7.72E-09
MMRN1,2790.428158,-5.764860236,0.867843194,-6.642744078,3.08E-11,9.74E-09
CD300LB,205.5263626,11.38445531,1.733121051,6.568759465,5.07E-11,1.58E-08
FAM169A,437.94239,-6.210646593,0.947987801,-6.551399278,5.70E-11,1.74E-08
VCAN,47005.95967,10.68633218,1.632615497,6.545529064,5.93E-11,1.78E-08
VWF,309.1537731,-6.263648941,0.960114359,-6.523857168,6.85E-11,2.03E-08
PCDH9,3722.980035,-8.550413071,1.313458678,-6.509845507,7.52E-11,2.19E-08
CYTL1,194.0345177,-7.342452182,1.128876331,-6.504213067,7.81E-11,2.24E-08
FGD2,323.4153348,8.447150386,1.304695264,6.474424045,9.52E-11,2.69E-08
MED12L,1592.442885,-4.680290102,0.725115779,-6.454541794,1.09E-10,2.97E-08
MPL,287.3112089,-8.419653427,1.304876276,-6.452453448,1.10E-10,2.97E-08
PCDH17,73.02433221,-9.450485736,1.463825746,-6.456018254,1.07E-10,2.97E-08
ELOVL7,188.9963749,-5.941234598,0.922294832,-6.441795394,1.18E-10,3.14E-08
RP11-384P7.7,101.4232954,-9.922834078,1.546573608,-6.416011517,1.40E-10,3.67E-08
PLSCR4,198.0432878,-9.894422095,1.543301642,-6.41120428,1.44E-10,3.73E-08
EGFEM1P,100.9076371,-9.914758676,1.552719935,-6.385413397,1.71E-10,4.36E-08
C5AR1,2209.511194,12.12779546,1.906240601,6.362153579,1.99E-10,5.00E-08
BMP6,230.900495,-6.363385434,1.007530841,-6.315821984,2.69E-10,6.60E-08
PILRA,480.7150186,9.660397226,1.530163031,6.313312392,2.73E-10,6.60E-08
MEFV,132.6753186,9.750324941,1.544462022,6.313088184,2.74E-10,6.60E-08
TCEAL2,240.7147676,-11.1700005,1.780304434,-6.2742081,3.51E-10,8.37E-08
S100A9,682.5592,10.6158099,1.701775828,6.238077732,4.43E-10,1.04E-07
TLR4,3401.010512,5.096343553,0.818984076,6.222762692,4.88E-10,1.13E-07
FERMT1,84.52977482,-6.535790176,1.051862672,-6.213539418,5.18E-10,1.19E-07
CDC14B,121.1318877,-6.303351181,1.018230416,-6.190495866,6.00E-10,1.34E-07
CNN3,126.3309548,-9.307920407,1.503292817,-6.191688207,5.95E-10,1.34E-07
1\Mar,89.27550526,6.270020665,1.014044254,6.18318248,6.28E-10,1.39E-07
MACC1,639.342325,-7.64138728,1.241855305,-6.153202588,7.59E-10,1.66E-07
SCIMP,928.5721963,9.369558677,1.525135937,6.143425285,8.08E-10,1.74E-07
RASSF6,84.67061973,-9.661834643,1.575957693,-6.130770314,8.75E-10,1.87E-07
PROM1,966.6191687,-6.164832372,1.008191114,-6.114745792,9.67E-10,2.04E-07
FPR1,733.3470275,12.31770534,2.017774769,6.104598756,1.03E-09,2.13E-07
F2RL1,307.5866234,-7.307578875,1.197104793,-6.104376926,1.03E-09,2.13E-07
SAMD12,216.4539569,-6.287477685,1.031324495,-6.096507662,1.08E-09,2.19E-07
PPARGC1A,151.7654769,10.0326454,1.645542973,6.096860162,1.08E-09,2.19E-07
FIGN,134.1367843,-10.32560236,1.70390873,-6.059950381,1.36E-09,2.72E-07
CD4,1263.493398,5.185548049,0.856126165,6.056990503,1.39E-09,2.74E-07
ITGAM,2551.585957,7.572296871,1.257733716,6.020588279,1.74E-09,3.39E-07
TLR2,1959.320895,6.335734925,1.055546565,6.002326318,1.95E-09,3.76E-07
KAL1,123.4369621,-10.20587989,1.702270607,-5.995450924,2.03E-09,3.88E-07
HMOX1,225.4917561,10.49457408,1.752664376,5.987783073,2.13E-09,4.02E-07
ITGAX,944.1717638,7.324006875,1.224104156,5.983156614,2.19E-09,4.10E-07
LILRB1,371.8768102,11.20415669,1.882377051,5.952132004,2.65E-09,4.89E-07
HOOK1,93.58455024,-9.80623051,1.647853286,-5.950912374,2.67E-09,4.89E-07
SYNE2,155.4303248,-5.45812213,0.917793765,-5.947002843,2.73E-09,4.96E-07
SOCS2,2820.319324,-6.839038737,1.150639409,-5.943685473,2.79E-09,5.01E-07
FCGR3A,1598.738718,10.89363578,1.836625592,5.931331805,3.00E-09,5.32E-07
RP11-290F20.3,346.6169177,9.490779884,1.600256077,5.930788217,3.01E-09,5.32E-07
DLK1,346.4990915,-10.68148695,1.802743028,-5.925130082,3.12E-09,5.45E-07
LPXN,836.5004334,4.574205239,0.773839574,5.911051067,3.40E-09,5.88E-07
MFAP3L,162.4566711,-10.60254047,1.795274608,-5.905804283,3.51E-09,6.02E-07
CD1C,253.8481908,10.66035934,1.805805572,5.903381574,3.56E-09,6.05E-07
RP11-420K14.2,120.005989,-10.16596508,1.723155652,-5.899620889,3.64E-09,6.13E-07
SIRPB2,524.1249811,7.857091764,1.335762092,5.882104165,4.05E-09,6.76E-07
EMCN,142.5476469,-8.346903424,1.419921622,-5.878425468,4.14E-09,6.85E-07
TLR7,366.3820893,9.047459988,1.540590246,5.872723139,4.29E-09,7.02E-07
ZNF595,72.95234847,-6.130256985,1.044810112,-5.867340786,4.43E-09,7.19E-07
BEX2,749.7914307,-7.034134738,1.199552198,-5.863967194,4.52E-09,7.27E-07
SOCS2-AS1,365.8075486,-7.249422813,1.236851621,-5.861190371,4.60E-09,7.33E-07
PPARG,77.0462916,9.967203551,1.708011304,5.835560647,5.36E-09,8.48E-07
F13A1,1967.90659,5.461664234,0.936207921,5.833815449,5.42E-09,8.50E-07
CYBB,10641.35418,8.307838078,1.428837323,5.814404444,6.09E-09,9.39E-07
LDOC1,82.40491422,-9.621938468,1.65487538,-5.814297913,6.09E-09,9.39E-07
SALL2,69.44728485,-9.374674359,1.615962332,-5.8012951,6.58E-09,1.01E-06
ESR2,94.1178752,-7.467752755,1.287787155,-5.798902968,6.68E-09,1.01E-06
TMEM98,51.05171271,-8.93042423,1.541601,-5.792954356,6.92E-09,1.04E-06
S100A12,495.3842436,9.689025605,1.67977743,5.768041307,8.02E-09,1.19E-06
NUAK2,124.3289684,5.754396244,0.997602147,5.768227608,8.01E-09,1.19E-06
PARD3B,110.3918787,-10.04465067,1.743828334,-5.760114384,8.41E-09,1.23E-06
MYO5C,429.2082259,-5.205878713,0.904940816,-5.752728376,8.78E-09,1.28E-06
UCHL1,110.0793232,-10.04029514,1.746370936,-5.749233987,8.96E-09,1.29E-06
CYP1B1,452.9462089,11.47868596,1.996378214,5.749755172,8.94E-09,1.29E-06
NFIA,1577.864328,-5.708675607,0.993730296,-5.744693131,9.21E-09,1.31E-06
MAP9,127.4289698,-7.573868227,1.320568409,-5.73530926,9.73E-09,1.37E-06
MS4A4A,635.8014159,8.160521185,1.425618883,5.724195493,1.04E-08,1.46E-06
MAFB,3391.714608,10.75309051,1.880940647,5.716868594,1.09E-08,1.51E-06
NCKAP1,177.0359425,-8.383271279,1.467259971,-5.713555502,1.11E-08,1.53E-06
INPP4B,1860.953895,-7.770851736,1.361779516,-5.706394936,1.15E-08,1.58E-06
THRB,1439.051727,-7.299333385,1.28158125,-5.695568176,1.23E-08,1.67E-06
CLEC9A,175.0296407,-7.999680355,1.406572068,-5.687359033,1.29E-08,1.74E-06
CD300C,85.47085302,9.108446521,1.604637412,5.676326908,1.38E-08,1.84E-06
ZNF662,205.9299156,-6.605225922,1.164191184,-5.673660834,1.40E-08,1.85E-06
CRISPLD2,204.4442716,8.593393988,1.514629985,5.673592939,1.40E-08,1.85E-06
AJ006998.2,253.2402232,-7.364442493,1.302819723,-5.65269497,1.58E-08,2.07E-06
RBM47,1227.391297,7.449134277,1.323308656,5.629173695,1.81E-08,2.36E-06
MIPOL1,98.12623059,-8.946679335,1.599539328,-5.593285003,2.23E-08,2.88E-06
NLGN1,92.89009076,-8.796204,1.574032841,-5.588323045,2.29E-08,2.94E-06
TYMP,96.87758957,7.636883892,1.366855701,5.587191013,2.31E-08,2.94E-06
CHST15,640.7803877,10.34612353,1.852738108,5.584234211,2.35E-08,2.97E-06
RP11-365H23.1,86.23346885,-8.691393585,1.557892936,-5.578941519,2.42E-08,3.04E-06
MEG3,412.3510852,-7.839648337,1.408144456,-5.567360867,2.59E-08,3.23E-06
CD14,154.9780465,10.97759874,1.976029553,5.555381863,2.77E-08,3.43E-06
PLAG1,658.7135876,-5.79123641,1.04274046,-5.553861802,2.79E-08,3.44E-06
ZNF385D,306.3764655,-7.761787484,1.400346893,-5.542760526,2.98E-08,3.64E-06
HAVCR2,565.098973,5.961295831,1.076785111,5.536198234,3.09E-08,3.76E-06
MEI4,84.67956715,-8.662356829,1.574752173,-5.500774649,3.78E-08,4.56E-06
EPS8,378.2089702,6.378687288,1.162772443,5.485757191,4.12E-08,4.94E-06
ARHGAP24,131.7484824,10.7423543,1.971131026,5.449842832,5.04E-08,6.01E-06
EHD2,162.5936342,-5.808029051,1.0671059,-5.442785999,5.25E-08,6.17E-06
BMPR1B,103.110003,-8.941311611,1.642461105,-5.443849833,5.21E-08,6.17E-06
GIMAP4,847.7558657,8.93267844,1.64360135,5.434820579,5.49E-08,6.41E-06
NLRC4,267.0543546,6.412015377,1.180593504,5.431179617,5.60E-08,6.50E-06
GPR65,238.0999468,7.859581738,1.447972367,5.427991526,5.70E-08,6.58E-06
RP11-44F14.1,68.81935194,8.793315015,1.623408029,5.416577261,6.08E-08,6.97E-06
NAPSB,245.6805819,7.013662444,1.295470942,5.413986697,6.16E-08,7.03E-06
FCGR2C,174.8654066,11.15152627,2.060664371,5.411616964,6.25E-08,7.07E-06
KIAA1377,185.0537166,-7.935246909,1.473026482,-5.38703615,7.16E-08,8.06E-06
PDE1C,74.821522,-7.529900737,1.398118317,-5.385739278,7.21E-08,8.07E-06
IL12RB2,299.4847333,-6.69855906,1.245627787,-5.37765706,7.55E-08,8.39E-06
TBC1D8B,99.77054459,-6.121411731,1.139047097,-5.37415156,7.69E-08,8.51E-06
CLIP3,70.61139132,-6.592591131,1.228054835,-5.368319835,7.95E-08,8.73E-06
FAM133A,69.52774093,-9.377004715,1.749150973,-5.360889288,8.28E-08,9.05E-06
RASSF9,104.1804952,-8.221777999,1.534389654,-5.358337747,8.40E-08,9.12E-06
TNFRSF1B,1150.231205,3.886483588,0.725922361,5.353855726,8.61E-08,9.29E-06
SGMS2,663.268431,5.157751484,0.964333721,5.348513042,8.87E-08,9.52E-06
SLAMF7,144.8832915,10.87966559,2.038261569,5.337718059,9.41E-08,1.00E-05
FPR2,71.87392977,9.867232266,1.849809535,5.334188238,9.60E-08,1.02E-05
SLC1A6,108.4801149,-9.094485084,1.709090994,-5.321241008,1.03E-07,1.08E-05
ZNF204P,82.64747282,-8.699218728,1.634581578,-5.321985053,1.03E-07,1.08E-05
MS4A14,166.8378644,7.899771259,1.485367156,5.318396348,1.05E-07,1.09E-05
NPR3,2561.848725,-4.653477163,0.87932992,-5.292071905,1.21E-07,1.25E-05
TMEM200A,76.61351619,-6.596341002,1.247251871,-5.288700025,1.23E-07,1.26E-05
CDKN2B,68.10737269,8.873919558,1.677615294,5.289603396,1.23E-07,1.26E-05
FGL2,9404.581023,6.583651896,1.245636666,5.285370987,1.25E-07,1.28E-05
CXCL16,769.8708979,8.231023333,1.559056394,5.279490445,1.30E-07,1.31E-05
FRMD6,27.18967429,-8.024068832,1.52101656,-5.275464476,1.32E-07,1.33E-05
DNM3,520.0430856,-5.299311653,1.004451622,-5.27582567,1.32E-07,1.33E-05
RP11-497H16.7,92.74559355,7.598370492,1.442887081,5.266088102,1.39E-07,1.39E-05
NCF2,1733.603089,4.879478724,0.930293595,5.245095475,1.56E-07,1.55E-05
LRCH2,101.5841647,-9.925123229,1.896092194,-5.234515104,1.65E-07,1.63E-05
GPR34,117.5811397,10.57980661,2.021357755,5.234009956,1.66E-07,1.63E-05
LINC00883,158.07708,-5.165969053,0.987828001,-5.22962403,1.70E-07,1.66E-05
PDZRN4,38.61738813,-8.528662372,1.640038164,-5.200282872,1.99E-07,1.93E-05
FCER1G,4214.342322,6.079336654,1.169772074,5.197026659,2.03E-07,1.96E-05
LILRA5,228.9862475,9.371107352,1.80801155,5.183101487,2.18E-07,2.10E-05
S100B,67.14356681,9.768084672,1.88686295,5.17689145,2.26E-07,2.16E-05
MYOF,1750.946438,8.245748479,1.595546369,5.167977967,2.37E-07,2.25E-05
TTC9,97.24998014,-7.049060876,1.367383572,-5.155145214,2.53E-07,2.38E-05
PEG3,85.92901632,-7.580063266,1.470143183,-5.156003412,2.52E-07,2.38E-05
NKAIN2,202.9056917,-6.889136176,1.337209291,-5.151875793,2.58E-07,2.41E-05
HNMT,412.2893457,5.146407822,0.999485183,5.149058646,2.62E-07,2.44E-05
1\Mar,1226.539587,5.500758137,1.068784259,5.146743219,2.65E-07,2.46E-05
ATP9A,696.266632,-6.532950578,1.270368643,-5.142562839,2.71E-07,2.50E-05
GAS2L3,409.1941744,5.668317697,1.104072969,5.134006405,2.84E-07,2.60E-05
NUDT11,86.60048512,-6.633483985,1.29508273,-5.122054239,3.02E-07,2.76E-05
CTD-2006K23.1,96.96571317,10.30109664,2.020604879,5.098026215,3.43E-07,3.12E-05
SGIP1,181.0062123,-5.860350239,1.150744325,-5.092660562,3.53E-07,3.19E-05
SH3RF3,55.77021558,8.481012945,1.666351176,5.089571194,3.59E-07,3.22E-05
SRPX2,27.74878316,-8.05111446,1.582048637,-5.08904358,3.60E-07,3.22E-05
LGALS3,284.3261163,7.62609269,1.500084041,5.083776961,3.70E-07,3.30E-05
NLRP12,69.45434141,7.357642541,1.448493997,5.079511932,3.78E-07,3.35E-05
NUDT10,28.97113088,-8.111449211,1.599345777,-5.071729532,3.94E-07,3.46E-05
C5AR2,61.75929292,9.646937155,1.901792383,5.072550106,3.93E-07,3.46E-05
SORBS1,221.7209337,-5.198085133,1.026035063,-5.066186645,4.06E-07,3.55E-05
SCPEP1,1529.003618,5.166997857,1.020333283,5.064029513,4.10E-07,3.57E-05
AP003774.6,27.39133968,8.470235823,1.677890467,5.048145864,4.46E-07,3.86E-05
LILRB2,815.8232499,7.302042142,1.454283377,5.021058657,5.14E-07,4.43E-05
AC090627.1,56.75541062,-9.084733386,1.810169881,-5.018718674,5.20E-07,4.44E-05
BHLHE41,431.2428601,-7.017222145,1.398252221,-5.018566777,5.21E-07,4.44E-05
TMEM176B,215.0166545,8.160883336,1.633205294,4.996850895,5.83E-07,4.95E-05
KIF5A,58.54955402,-9.128720423,1.828792578,-4.991665283,5.99E-07,5.06E-05
PRKD1,57.97690707,-9.115093971,1.82706793,-4.988919032,6.07E-07,5.11E-05
SLC10A5,103.9797436,-4.569426027,0.917300404,-4.981384516,6.31E-07,5.27E-05
STXBP6,59.83545923,-5.162912852,1.036457485,-4.98130693,6.32E-07,5.27E-05
EVC2,41.16180106,-7.688397869,1.543806835,-4.980155351,6.35E-07,5.28E-05
KCTD12,9472.482675,6.50024772,1.305551914,4.978927036,6.39E-07,5.28E-05
PDE3A,166.821714,-5.926904873,1.19183155,-4.972938392,6.59E-07,5.43E-05
MS4A7,1364.261214,7.302985786,1.469179446,4.970792238,6.67E-07,5.46E-05
CEBPD,96.88474109,5.910335704,1.190036954,4.96651443,6.82E-07,5.56E-05
AP001597.1,24.60392629,-7.881576561,1.587692467,-4.964170784,6.90E-07,5.60E-05
TCEAL5,26.39883168,-7.977379753,1.608289443,-4.960164223,7.04E-07,5.69E-05
KIAA1211,123.4030574,-4.197918021,0.847443117,-4.95362808,7.28E-07,5.86E-05
LUCAT1,49.74593456,9.334056774,1.885842559,4.949541907,7.44E-07,5.96E-05
CRTAM,53.5305868,9.440144302,1.908050306,4.947534283,7.52E-07,6.00E-05
GCNT4,42.76378772,-8.67509674,1.75451221,-4.944449341,7.64E-07,6.07E-05
LINC00478,82.10777405,-5.21061667,1.056433211,-4.932272687,8.13E-07,6.43E-05
MYCL,65.18263808,8.698556753,1.76408545,4.930915764,8.18E-07,6.45E-05
KCNJ8,84.4779695,-7.737640547,1.575764567,-4.910403945,9.09E-07,7.13E-05
PHLDB2,151.3876883,-7.352134966,1.499295534,-4.903726318,9.40E-07,7.34E-05
OASL,53.14463617,9.429728773,1.928527109,4.889601359,1.01E-06,7.86E-05
RNF150,183.5915947,-7.063932017,1.44748218,-4.880151282,1.06E-06,8.21E-05
XIRP2,80.30933765,-6.651965537,1.364277398,-4.87581598,1.08E-06,8.35E-05
RP11-515O17.2,23.22039571,-7.794479729,1.599000143,-4.874596019,1.09E-06,8.37E-05
FHL2,183.1610425,-3.894249615,0.799036993,-4.87367875,1.10E-06,8.38E-05
C19orf59,260.0063706,6.192663566,1.271397111,4.870754788,1.11E-06,8.46E-05
AIM2,79.60628793,8.978807057,1.844883216,4.866870152,1.13E-06,8.60E-05
RP1-18D14.7,23.17537786,-7.792801424,1.601926283,-4.864644213,1.15E-06,8.66E-05
HK3,58.37217802,9.569375079,1.96989272,4.857815342,1.19E-06,8.89E-05
LRAT,57.17243752,-9.094380069,1.872087167,-4.85788281,1.19E-06,8.89E-05
RP11-63P12.6,34.35741765,8.797601267,1.813114973,4.852202646,1.22E-06,9.11E-05
AC012360.6,33.15526035,-6.526399893,1.348321329,-4.840389123,1.30E-06,9.63E-05
DUSP6,5825.229076,3.927617989,0.811570862,4.839525631,1.30E-06,9.63E-05
TMEM163,141.8189032,-3.427443209,0.709753265,-4.829062966,1.37E-06,0.000101092
MLLT4,740.4407306,-5.082317737,1.053293645,-4.825167003,1.40E-06,0.000102676
ADAMDEC1,32.58334746,8.726162608,1.815257841,4.807120185,1.53E-06,0.000111932
SERPINE2,110.8257811,-5.061416511,1.053070131,-4.806343244,1.54E-06,0.000111932
RBFOX2,213.5423934,-5.064521457,1.054726119,-4.801740816,1.57E-06,0.000113634
GPR84,48.78201586,6.481639733,1.349715403,4.802226986,1.57E-06,0.000113634
SIGLEC7,48.06401051,9.286719879,1.935777489,4.797410824,1.61E-06,0.000115662
ASGR2,41.63744583,9.079665902,1.900106773,4.778502994,1.77E-06,0.000125854
ADRA2A,104.8510825,-6.237205835,1.305027817,-4.779366197,1.76E-06,0.000125854
NRG4,331.7433092,3.344198616,0.699899798,4.778110564,1.77E-06,0.000125854
SETBP1,673.5242706,-5.411608134,1.133568111,-4.773959395,1.81E-06,0.000127982
CECR1,4668.28135,6.78691972,1.423259145,4.768576226,1.86E-06,0.000130943
G0S2,369.3456359,9.503489214,1.993696652,4.766767905,1.87E-06,0.000131617
NCF1B,33.51265455,8.769619134,1.842632529,4.759288136,1.94E-06,0.000136068
ADAP2,144.0421883,8.074561221,1.69915861,4.752093874,2.01E-06,0.000140465
C3orf14,29.57528831,-8.142290214,1.715884494,-4.745243775,2.08E-06,0.000144753
BHLHB9,81.68371136,-4.585733109,0.966804105,-4.743187459,2.10E-06,0.000145679
RIC3,29.86111232,-8.155772388,1.723776828,-4.731338917,2.23E-06,0.000153867
ECEL1P2,21.7377448,-7.696561781,1.62700208,-4.73051748,2.24E-06,0.000153912
MPPED2,144.9539191,-4.865067629,1.030121426,-4.722809864,2.33E-06,0.000159267
BLNK,59.5412461,9.597554452,2.033278149,4.720236853,2.36E-06,0.000160696
OAS1,388.8966064,4.393324319,0.932428669,4.711700169,2.46E-06,0.000166957
ZNF286A,330.0448775,-2.960989373,0.629017472,-4.707324527,2.51E-06,0.00016995
ZNF483,31.22952224,-7.219281055,1.538164739,-4.693438143,2.69E-06,0.000179083
IL31RA,170.7334049,8.980510512,1.912439458,4.695840421,2.66E-06,0.000179083
RP11-180N14.1,36.42816172,-8.442993237,1.799063191,-4.692994264,2.69E-06,0.000179083
PLA2R1,24.27556858,-6.925316776,1.474999933,-4.695130231,2.66E-06,0.000179083
ABCB1,555.4140866,-4.745267748,1.011158505,-4.692901979,2.69E-06,0.000179083
CTB-83J4.2,29.34236055,8.570333312,1.827914299,4.688585955,2.75E-06,0.000182241
ZNF214,33.58458858,-7.318563665,1.562183594,-4.684829424,2.80E-06,0.000184948
SLAMF1,45.85727662,8.309674632,1.778440176,4.67245103,2.98E-06,0.000195751
APOL4,429.455954,-5.58551852,1.196276472,-4.669086664,3.03E-06,0.000198273
GABRB3,33.68031513,-7.326069708,1.570877985,-4.663678388,3.11E-06,0.000202834
IL10,54.81747003,9.475048557,2.034169093,4.657945393,3.19E-06,0.000207824
DNAJC5B,22.72869142,8.207540029,1.764057423,4.652649015,3.28E-06,0.000212482
RP11-575G13.2,29.08246692,5.850272042,1.258646773,4.648065025,3.35E-06,0.000216493
C6orf25,348.9511827,-3.187228576,0.687301372,-4.637308616,3.53E-06,0.000227266
BEX5,33.3440579,-8.316925137,1.797251974,-4.627578801,3.70E-06,0.000237373
HFM1,23.30171242,-7.797227913,1.686976904,-4.622012248,3.80E-06,0.000242984
BIN1,69.82890403,-6.376995375,1.383196611,-4.610331839,4.02E-06,0.000256152
SDC3,56.6859875,9.523668202,2.066456687,4.608694807,4.05E-06,0.000257284
AC079325.6,30.31533506,8.623987641,1.873012185,4.604341452,4.14E-06,0.000261818
ALDH1A1,2751.712479,-5.669993878,1.232037412,-4.602128004,4.18E-06,0.000263708
APOBEC3A,59.09207861,8.547344032,1.859333383,4.596993799,4.29E-06,0.000269362
RP11-747H7.3,19.20776197,-7.518672052,1.63650825,-4.594338007,4.34E-06,0.00027112
HTR7,144.6992216,6.256299971,1.361777964,4.594214429,4.34E-06,0.00027112
GP1BA,124.1423445,-4.696773777,1.026114897,-4.577239637,4.71E-06,0.000293072
CX3CR1,5094.478369,7.969191808,1.742315961,4.573907367,4.79E-06,0.000296769
RP11-24F11.2,23.68919084,8.26197473,1.812233208,4.55900195,5.14E-06,0.000317556
SLC8A1,2057.179419,6.102506039,1.338835743,4.558069257,5.16E-06,0.000317898
EXPH5,384.8160341,-4.408419805,0.967380286,-4.557070132,5.19E-06,0.000318346
KCNE3,151.2097079,5.998311288,1.317714564,4.552056609,5.31E-06,0.000324942
TSPAN6,27.39921562,-8.031442993,1.764883047,-4.550694169,5.35E-06,0.000325925
CCR2,520.3508723,6.490101429,1.426388573,4.550023432,5.36E-06,0.000325925
C2orf66,22.90045795,-7.772265433,1.711957526,-4.539987303,5.63E-06,0.000340702
TMTC1,284.1914555,-6.324049047,1.394247433,-4.53581545,5.74E-06,0.000346364
ABI3BP,562.8191693,-5.38625524,1.188209473,-4.533085589,5.81E-06,0.000349722
C2orf88,407.8052737,-3.716386983,0.82067976,-4.528425296,5.94E-06,0.000356355
FYB,2777.517812,6.103246705,1.349423797,4.522853917,6.10E-06,0.000364677
EMR1,996.9380334,5.13073785,1.136476326,4.514601608,6.34E-06,0.000377938
RP3-510L9.1,27.3289663,8.466336898,1.875714006,4.513660863,6.37E-06,0.000378391
AP001171.1,26.46068513,-6.977982002,1.546288373,-4.512730046,6.40E-06,0.000378776
GATA3,28.9168716,-7.10530156,1.574729596,-4.512077234,6.42E-06,0.000378776
SLC15A3,151.1192351,7.647310391,1.699932742,4.498595856,6.84E-06,0.00040229
SMPDL3A,35.45785218,7.817150018,1.737945389,4.497926152,6.86E-06,0.00040229
USP51,244.7985337,-3.540213966,0.787530978,-4.495332962,6.95E-06,0.000405928
CLEC7A,818.7658239,5.90773092,1.316369581,4.487896868,7.19E-06,0.000419019
KCNC3,64.04453559,7.943736545,1.770554364,4.486581551,7.24E-06,0.000420279
TIAM1,333.9553721,7.539394338,1.681863537,4.482762228,7.37E-06,0.000426525
ABI3,87.13558442,6.642642446,1.482689345,4.480130966,7.46E-06,0.000430459
PCLO,243.5793136,-7.300479268,1.630999062,-4.476078153,7.60E-06,0.000437332
MS4A4E,222.2059054,8.679935203,1.93948297,4.475386139,7.63E-06,0.00043738
AP001007.1,34.74507659,7.056533841,1.580667506,4.464274627,8.03E-06,0.000459267
LRG1,93.72460241,7.68648387,1.72251618,4.462358009,8.11E-06,0.000461956
SLC24A4,446.2759968,6.809751776,1.526343279,4.461481155,8.14E-06,0.000462415
AADAT,16.63420578,-7.310868786,1.639809976,-4.458363404,8.26E-06,0.000467743
IFI30,35.0536034,8.827860908,1.981314768,4.455557012,8.37E-06,0.000472446
METRNL,99.80090274,4.646455397,1.044532665,4.448358155,8.65E-06,0.000487058
AL132709.5,23.26071445,-7.800932662,1.755517154,-4.443666439,8.84E-06,0.000496284
TCTEX1D1,98.94945636,-4.201648064,0.946907693,-4.43723089,9.11E-06,0.000509792
PLA2G2F,15.02134634,7.6027697,1.715214497,4.432547481,9.31E-06,0.000519412
ST7,499.3456207,-3.103905441,0.702064842,-4.421109358,9.82E-06,0.000546026
RPL5P14,34.33013677,-5.995316689,1.35668904,-4.419079474,9.91E-06,0.000549514
HAVCR1P1,48.78480583,-4.013142708,0.909706865,-4.411467983,1.03E-05,0.00056748
TREML3P,17.96050776,7.857989437,1.783059386,4.407026204,1.05E-05,0.000577499
LINC01122,196.3716618,-6.324099226,1.43537432,-4.405888512,1.05E-05,0.0005788
CCDC170,44.62842986,5.482506636,1.24501992,4.403549331,1.06E-05,0.000583333
ABCC4,1540.448382,-3.136227883,0.712743817,-4.400217591,1.08E-05,0.000590599
HCK,576.0602583,5.642013131,1.283020764,4.397444912,1.10E-05,0.000596417
ROBO4,66.12642439,-5.431806649,1.236978817,-4.391188092,1.13E-05,0.000612027
ZDBF2,46.56869939,-8.799846996,2.00428534,-4.39051607,1.13E-05,0.00061211
CFP,502.4483869,4.358442614,0.993124346,4.388617228,1.14E-05,0.000615662
DMXL2,4705.470334,3.949991536,0.902037084,4.37896801,1.19E-05,0.000641672
CLEC4A,146.6675413,6.193988518,1.41480632,4.377976286,1.20E-05,0.000642713
GPRASP1,136.6727275,-4.496282558,1.030160003,-4.364644858,1.27E-05,0.000681194
EPHX2,18.51756716,-7.471639939,1.714244155,-4.358562296,1.31E-05,0.000698365
TRPC6,15.89264983,-7.255784022,1.665032717,-4.357742613,1.31E-05,0.000698953
AQP9,1028.497281,13.70853865,3.147251272,4.355717885,1.33E-05,0.000703407
CABLES1,669.8615433,-4.674204954,1.07334791,-4.354790195,1.33E-05,0.000704357
LILRA2,167.0583693,6.10879671,1.403697765,4.351931635,1.35E-05,0.000711555
KDELC1,73.76365917,-3.135496954,0.721973759,-4.342951406,1.41E-05,0.000737047
SLC7A7,1417.150916,4.851744985,1.117073497,4.343263892,1.40E-05,0.000737047
RP11-443B7.3,109.4106612,4.449610038,1.025968002,4.336987149,1.44E-05,0.000755168
TRHDE-AS1,33.64798172,-7.399227056,1.71004841,-4.326910872,1.51E-05,0.000788295
ABLIM1,1671.882028,-5.034396078,1.164023081,-4.324996782,1.53E-05,0.000790678
LRRC25,343.6901824,6.096883594,1.409575252,4.32533388,1.52E-05,0.000790678
ACSM3,807.355853,-4.688541653,1.08742901,-4.31158412,1.62E-05,0.000837841
PP13439,34.34568507,5.357480315,1.243268005,4.309191819,1.64E-05,0.000844575
SLC8A3,568.164604,-6.63686097,1.544776685,-4.296323886,1.74E-05,0.00089259
F2R,1472.676716,-3.582860834,0.834352743,-4.294179969,1.75E-05,0.000898741
RNF180,21.41797604,-7.676495338,1.787985808,-4.29337599,1.76E-05,0.000899491
AC011841.1,141.9408948,-4.114678219,0.96113844,-4.28104636,1.86E-05,0.000945541
SPAG16,33.86775584,-4.998954901,1.167552733,-4.2815667,1.86E-05,0.000945541
ME1,32.80212267,8.731985454,2.040799391,4.278708379,1.88E-05,0.000952887
PCDHGB8P,27.9882533,-7.133350162,1.669198076,-4.273519281,1.92E-05,0.000972659
CSTA,1125.020511,6.34303532,1.484869874,4.27177858,1.94E-05,0.000977592
HAL,132.0585749,6.42210607,1.505970022,4.264431548,2.00E-05,0.00100755
TNFSF14,16.56477154,7.739778716,1.815971969,4.262058472,2.03E-05,0.001015529
FAM81A,21.1222336,8.103841796,1.902323982,4.259969318,2.04E-05,0.001022275
RP11-65J3.1,19.18280839,6.930666404,1.628008045,4.257145059,2.07E-05,0.001029659
RP11-374A22.1,20.83042686,-6.629010473,1.557036297,-4.25745404,2.07E-05,0.001029659
TMEM136,80.20190363,-5.994034226,1.40909934,-4.253805289,2.10E-05,0.00104232
GSTM5,122.7939977,-5.10812524,1.202336045,-4.248500461,2.15E-05,0.00106443
PLEKHG4B,47.71625835,-8.833458363,2.081259698,-4.244284541,2.19E-05,0.001081722
LIPN,75.75715567,9.041756338,2.132076032,4.240822655,2.23E-05,0.001095599
EVC,44.22452606,-8.723796957,2.064285426,-4.226061399,2.38E-05,0.00116683
NCF1,99.14917701,6.301625327,1.491989748,4.223638491,2.40E-05,0.001173178
RPS6KA6,26.83140105,-6.987174174,1.654133992,-4.224067825,2.40E-05,0.001173178
ELL2P1,44.55111723,6.596342255,1.565154029,4.214500384,2.50E-05,0.001218458
BCL9,215.4647806,-3.869012962,0.918572968,-4.211982166,2.53E-05,0.001228865
RP11-680A11.5,22.03608936,4.264346788,1.012849222,4.21024837,2.55E-05,0.001235067
LAMB3,32.65937187,8.726164618,2.073534354,4.208353048,2.57E-05,0.001242192
KIAA1671,23.39687844,-6.049924574,1.438110102,-4.206857714,2.59E-05,0.001247155
XXYLT1-AS2,23.94350061,-5.866006808,1.395308318,-4.204093629,2.62E-05,0.001259187
STK33,99.46721078,-5.055374027,1.203712334,-4.199819079,2.67E-05,0.001279845
CDA,121.2197953,6.702779961,1.598010122,4.194454008,2.74E-05,0.001307101
SCN2A,21.10677274,-6.65548592,1.587913301,-4.191340873,2.77E-05,0.001321727
MANSC1,213.8390884,-3.852392266,0.922015099,-4.178231216,2.94E-05,0.001393011
RP11-598F7.3,41.77539607,-5.694332831,1.3627951,-4.178421856,2.94E-05,0.001393011
FAM47E,57.92511038,-5.591072817,1.339475897,-4.17407497,2.99E-05,0.001415027
FCGR1C,20.18545806,8.033512102,1.92512629,4.172979271,3.01E-05,0.001418197
FRMD3,143.2318706,5.281417028,1.26620638,4.171055454,3.03E-05,0.001426558
CHRDL1,18.25253722,-7.457829771,1.789525206,-4.167490766,3.08E-05,0.001445337
MTSS1,814.2385573,3.141242655,0.754384289,4.163982075,3.13E-05,0.001463996
NOG,34.4313898,-4.891356837,1.176233561,-4.158491137,3.20E-05,0.001495813
MARCO,22.31978289,8.175221857,1.968329173,4.153381441,3.28E-05,0.001525742
TREM1,2081.719792,6.581123194,1.586555085,4.148058431,3.35E-05,0.001557691
ZDHHC15,175.3514216,-4.112674708,0.992778945,-4.142588568,3.43E-05,0.001591296
GUCY1B3,1496.05009,-5.609080707,1.354851411,-4.139996947,3.47E-05,0.001601293
CCDC152,72.90500274,-4.536881709,1.095846271,-4.140071314,3.47E-05,0.001601293
TEK,141.2662281,-5.969992151,1.443513903,-4.135735818,3.54E-05,0.001627213
TNFAIP2,267.3040132,3.965541838,0.959412553,4.133302016,3.58E-05,0.001640436
RP11-848G14.5,25.43041659,7.331953746,1.774745958,4.131269445,3.61E-05,0.001647226
ARHGEF12,1349.196685,-3.837483103,0.928901212,-4.131206908,3.61E-05,0.001647226
HCG4,15.64886255,-7.220123388,1.75433443,-4.115591226,3.86E-05,0.00175845
NAIP,173.366163,4.745283516,1.154274182,4.111054019,3.94E-05,0.00178893
KCND1,46.93782144,-4.070082827,0.990573109,-4.108816191,3.98E-05,0.00180189
COBLL1,235.6566518,-3.451425344,0.841900154,-4.099566117,4.14E-05,0.001870821
PNPLA1,15.07380073,7.603636418,1.858173438,4.091995001,4.28E-05,0.001928228
GPR133,29.54776271,6.239130503,1.527947022,4.083342165,4.44E-05,0.001996578
LRP6,377.7475726,-5.627466923,1.379182588,-4.08029145,4.50E-05,0.002018019
SAMHD1,14832.80125,4.911847836,1.206536583,4.071031005,4.68E-05,0.002094832
LAMP5,47.64249674,7.03982878,1.730198078,4.068799329,4.73E-05,0.002109849
TRHDE,30.46647036,-5.974388502,1.469639238,-4.065207534,4.80E-05,0.002137407
PIR,44.00667754,-5.85135326,1.442595243,-4.056129595,4.99E-05,0.002216777
SLC9A7P1,97.79141027,6.043903178,1.493692226,4.046284149,5.20E-05,0.002306474
P2RY13,2659.803752,4.840332284,1.197472162,4.042125101,5.30E-05,0.002342121
GYPE,57.4332788,-7.153180929,1.773971508,-4.032297529,5.52E-05,0.00243057
PTPRE,2659.478079,4.115863649,1.020606483,4.032762596,5.51E-05,0.00243057
ZNF804B,15.9594574,-7.251278531,1.805815749,-4.015514061,5.93E-05,0.00260396
RAG1,52.92904166,-4.047478373,1.010173217,-4.006717171,6.16E-05,0.002696378
SLC31A2,92.29320799,4.789703859,1.196544163,4.002947829,6.26E-05,0.002733193
RP11-474N24.2,102.9321711,6.799806285,1.700093245,3.999666668,6.34E-05,0.002764781
AKR1C1,40.34868436,-6.389210592,1.597703907,-3.998995412,6.36E-05,0.002766063
CCDC175,55.66246519,-5.274488953,1.320196964,-3.995228815,6.46E-05,0.002803767
IL13RA1,2051.827433,3.096521896,0.775176261,3.994603616,6.48E-05,0.002804545
SLC36A1,553.6159089,2.519550087,0.631321148,3.990916662,6.58E-05,0.002830403
KYNU,740.9901783,6.361643914,1.593696648,3.991753338,6.56E-05,0.002830403
SSPN,27.71398354,-4.741779677,1.188190574,-3.990756853,6.59E-05,0.002830403
CPM,450.5535532,3.92355468,0.98361462,3.988914559,6.64E-05,0.002845807
PGBD1,163.1396832,-3.609191771,0.905436495,-3.986134635,6.72E-05,0.002872627
RP11-325F22.2,350.4557104,2.86750661,0.719569813,3.985029052,6.75E-05,0.002879323
MICU3,25.30043636,-5.848019113,1.468503165,-3.982299293,6.83E-05,0.00289912
TRIM7,18.83193853,4.903631557,1.231202958,3.982797088,6.81E-05,0.00289912
DENND2C,28.34609011,-4.918463302,1.235312051,-3.981555347,6.85E-05,0.002901494
RP11-677N16.1,16.18364453,5.958862244,1.498314535,3.977043609,6.98E-05,0.002950264
ADORA3,31.25093324,5.530873613,1.390999658,3.976186177,7.00E-05,0.002953663
RP11-701P16.1,43.54058338,5.401322883,1.358592379,3.975675829,7.02E-05,0.002953663
PCED1B-AS1,30.53817799,7.582743981,1.908005171,3.974173706,7.06E-05,0.002965562
TUSC1,25.84425793,-5.473960647,1.378575012,-3.970738333,7.17E-05,0.003001785
ZBTB8A,114.7586906,-5.804945276,1.462610352,-3.968893879,7.22E-05,0.003018221
RP11-47I22.1,31.61052773,-7.208826685,1.818020436,-3.965206628,7.33E-05,0.003058294
GMPR,34.72572233,-4.499604214,1.135171374,-3.963810501,7.38E-05,0.003069269
SGK1,1961.65038,5.367084131,1.355815638,3.958564851,7.54E-05,0.003130355
TIMP1,1857.656588,3.406910744,0.861865021,3.952951637,7.72E-05,0.0031975
CST3,1588.161455,4.774010515,1.207946254,3.952171299,7.74E-05,0.003200722
BEX1,382.9156872,-5.130252829,1.301856875,-3.940719544,8.12E-05,0.003349908
SDC2,47.12437214,8.199200097,2.086618584,3.929419666,8.52E-05,0.003503415
NCAM1,28.94227708,7.503597157,1.913096715,3.922225729,8.77E-05,0.003593599
FGF7,20.14371097,-7.58625034,1.93414793,-3.922269968,8.77E-05,0.003593599
PGM5,256.3910373,-5.621816612,1.434224228,-3.91976129,8.86E-05,0.003622458
CACNB2,162.2499215,-3.317341673,0.846655248,-3.918172931,8.92E-05,0.003638303
REN,27.12241807,-6.992476076,1.790985898,-3.904260823,9.45E-05,0.00383701
ADD3,4870.219637,2.528488809,0.647543355,3.904740567,9.43E-05,0.00383701
LINC00968,31.4511422,5.415028335,1.38939804,3.897391662,9.72E-05,0.00393874
ZNF366,9.602036967,6.960631806,1.786763945,3.895663904,9.79E-05,0.003958188
RP11-61J19.4,38.15508121,6.15977627,1.582609033,3.892165496,9.94E-05,0.004006891
SLFN14,22.24812324,-5.171777182,1.329220983,-3.890833237,9.99E-05,0.004020122
WLS,20.84245746,8.074421461,2.078086678,3.885507542,0.000102116,0.004100294
SERPING1,603.4480897,-4.442904886,1.144165274,-3.883097124,0.000103134,0.004132129
LACTB,757.6163834,3.046155322,0.785472614,3.878117792,0.000105268,0.004208417
RP11-389C8.2,12.10164666,6.265412914,1.617529852,3.873444998,0.000107308,0.004273676
KIAA1598,987.6956389,4.151861983,1.071915001,3.873312698,0.000107366,0.004273676
ARHGEF10L,11.60031912,7.228280165,1.866829913,3.871954329,0.000107966,0.004288267
CD200R1,78.79799393,5.673456925,1.466285359,3.869272028,0.000109161,0.004322514
STS,439.0898225,4.082044553,1.055074777,3.868962315,0.0001093,0.004322514
RP11-477H21.2,16.93938853,-7.344361865,1.898637934,-3.868226654,0.00010963,0.004326249
YES1,529.805722,-3.44947378,0.892819967,-3.863571503,0.000111741,0.004390686
RSPH1,21.41613825,-6.658639587,1.723301909,-3.86388453,0.000111598,0.004390686
ARAP1-AS2,18.88818117,4.256666802,1.102616429,3.860514582,0.000113148,0.004436485
FBP1,291.0714206,5.89589798,1.529194234,3.855558601,0.000115466,0.004517687
GPR21,41.97908063,-3.637229007,0.944184376,-3.852244433,0.00011704,0.004569544
CASP5,15.42193066,7.643217982,1.984390475,3.851670364,0.000117315,0.004570548
RP11-361F15.2,59.50548869,-3.332275074,0.865722812,-3.849124718,0.000118541,0.004608519
GPR132,41.54680224,3.732485372,0.971001874,3.843952797,0.000121068,0.004696836
HPGDS,96.19635011,-6.911929995,1.798551448,-3.843053809,0.000121513,0.004704135
FGD6,283.848668,4.973286702,1.29461986,3.841503482,0.000122283,0.004723985
PART1,22.46020556,8.183689046,2.132259892,3.838035446,0.000124023,0.004781123
SEMA4F,70.17302083,-5.533173582,1.442055418,-3.837004814,0.000124544,0.004791159
CHRM2,22.60594566,-7.757201051,2.022166322,-3.836084583,0.000125011,0.004794599
IRF4,296.8311546,11.9157084,3.107689686,3.83426584,0.00012594,0.004794599
KTN1-AS1,44.79589193,-3.298212003,0.860117528,-3.834606197,0.000125766,0.004794599
AC092964.2,19.74379424,4.049205144,1.055696977,3.8355752,0.000125271,0.004794599
PCDHGB7,136.0720894,-3.998280212,1.042595358,-3.834929995,0.0001256,0.004794599
SGCZ,23.3572021,-6.769837094,1.769171268,-3.826558353,0.000129947,0.004936923
TMEM150C,51.99311079,-4.567965247,1.19547236,-3.821054673,0.000132882,0.005037992
LRRC70,234.7102434,-4.035378211,1.056526649,-3.819476028,0.000133735,0.005059888
SIGLEC9,188.6526443,5.696201433,1.492523256,3.816490905,0.000135363,0.005100436
SLC16A2,165.7316621,-4.543234591,1.190304593,-3.816867228,0.000135157,0.005100436
ALOX12P2,37.55941143,-4.323483622,1.133386816,-3.814658473,0.000136371,0.0051279
RP11-221J22.1,17.46942487,7.821073439,2.051492689,3.812381825,0.000137634,0.005164795
RASSF4,338.9153896,3.791957707,0.99530119,3.809859514,0.000139046,0.005185955
ZNF239,52.98343653,-6.346250166,1.665622483,-3.810137189,0.00013889,0.005185955
MNDA,2714.975442,5.831973799,1.530602381,3.810247437,0.000138828,0.005185955
HOXA1,35.14717238,5.781744817,1.518030254,3.808715143,0.000139691,0.005199444
MMP19,159.5432634,5.758724241,1.513136091,3.805820426,0.000141335,0.005249991
KIAA0226L,39.16081413,7.930758584,2.084832507,3.80402673,0.000142363,0.00527749
LRRN1,451.2101332,-4.527332876,1.191123978,-3.800891393,0.000144176,0.005333949
LINC00877,311.598372,4.436356896,1.167580592,3.79961514,0.000144921,0.005350704
C2,22.914127,8.212625193,2.162744223,3.797316902,0.000146271,0.005389695
POU2F2,399.32405,2.529532148,0.666249902,3.7966717,0.000146652,0.005392907
SMARCA1,50.51078332,-3.538131925,0.933647561,-3.789579786,0.000150902,0.005527062
GNGT2,22.05688881,8.157465189,2.152559265,3.789658814,0.000150854,0.005527062
ARL10,195.2668982,-2.461508296,0.650163747,-3.785982083,0.000153103,0.005596483
HCAR3,55.0302985,5.424810196,1.434130651,3.782647134,0.000155169,0.005649518
CSF2RA,408.9296903,3.85396594,1.018834524,3.782720206,0.000155124,0.005649518
RP11-1082L8.4,18.05171837,7.867296519,2.080871643,3.780769729,0.000156344,0.005674606
IGSF6,748.1997558,4.559107829,1.205934966,3.780558617,0.000156477,0.005674606
ZNRF3,95.86916429,-4.355855319,1.152351692,-3.779970427,0.000156847,0.005676809
HIF3A,32.34079218,-7.349473329,1.94593927,-3.776825639,0.00015884,0.00573762
RP11-61A14.3,40.70986577,-4.114653813,1.090777236,-3.772221932,0.0001618,0.005833073
SPRY1,832.3708786,-5.943609967,1.575939559,-3.77147076,0.000162288,0.005833384
SH3GL3,18.42059189,-7.459780451,1.978076059,-3.771230341,0.000162445,0.005833384
JAM2,70.41690627,-4.53001088,1.201578461,-3.770050002,0.000163215,0.005849595
HEYL,58.99737586,-3.001700255,0.796654552,-3.767881884,0.000164639,0.005889118
GUCY1A3,3249.397971,-3.096761968,0.822039776,-3.767168036,0.00016511,0.005894487
CD109,1838.383177,-3.311745261,0.879766935,-3.764343862,0.000166987,0.005949924
SULF2,517.4530973,4.767983954,1.267084911,3.762955357,0.000167917,0.005971474
CXCR2P1,53.48126584,7.67634416,2.040338657,3.762289233,0.000168365,0.005975824
AC011515.2,11.81174279,6.330809369,1.683625869,3.760223388,0.000169762,0.006013759
JDP2,65.09510206,3.197281817,0.851444339,3.755127223,0.000173253,0.006125628
GPR87,22.69199633,-6.731286805,1.792865273,-3.754485574,0.000173698,0.00612953
HP,45.89892206,3.997257605,1.065701301,3.750823613,0.000176255,0.006207818
RP11-425I13.3,13.63811433,6.424349645,1.713086756,3.750160126,0.000176722,0.006212343
RGS2,4527.859369,4.131508878,1.10184746,3.74961964,0.000177103,0.006213843
PDGFRA,45.79041534,-7.857520798,2.095958855,-3.748890765,0.000177618,0.006220034
VLDLR,28.10152143,4.180747553,1.117012798,3.742792886,0.000181986,0.006360852
ALOX5,291.8950778,4.984812973,1.334234673,3.736084118,0.000186908,0.006508093
COL14A1,43.17152217,-5.126414502,1.372003491,-3.73644421,0.000186641,0.006508093
CSGALNACT1,87.60382234,5.411324418,1.44875848,3.735145983,0.000187606,0.00652003
RP11-452C13.1,14.42568937,7.541582852,2.019688695,3.734032314,0.000188438,0.006536565
IL1RN,349.0579764,5.454983945,1.461516884,3.732412541,0.000189655,0.006554426
PKIB,200.1478956,5.038467164,1.349991567,3.732221213,0.000189799,0.006554426
RP11-401P9.4,9.914143114,7.018480164,1.880661289,3.731921428,0.000190025,0.006554426
C3AR1,2170.295285,5.73103934,1.53761956,3.727215425,0.000193607,0.006665456
SLC25A27,21.24670049,-7.664708603,2.058033621,-3.724287361,0.000195868,0.006697337
RP11-707A18.1,15.58922799,-7.219282565,1.937970168,-3.725177345,0.000195178,0.006697337
GLIPR2,1797.426575,2.173240911,0.583623121,3.723705987,0.00019632,0.006697337
LYST,6011.851067,2.789121433,0.749027548,3.723656682,0.000196358,0.006697337
RBPMS,799.1420812,-3.278482913,0.880283319,-3.7243497,0.000195819,0.006697337
PLAT,31.84689808,-4.08310477,1.097668878,-3.719796429,0.000199383,0.006776356
MAGI2,48.86572312,-3.68131809,0.98966583,-3.71975871,0.000199413,0.006776356
RP5-998N21.4,10.87145299,7.134461238,1.919234847,3.717346654,0.000201326,0.006828714
KCNE1,107.4107002,6.045029876,1.627013784,3.715414051,0.000202871,0.006868426
CCDC42,10.53021204,-6.650461701,1.79067868,-3.713933591,0.000204062,0.00689603
PTAFR,1555.109409,4.672437204,1.260193409,3.707714365,0.000209138,0.007054575
RP11-369K17.1,10.17140309,-6.60277128,1.781160011,-3.707006242,0.000209724,0.007061342
PLA2G2C,15.18824118,6.704522906,1.812082586,3.699899197,0.000215685,0.007248758
FGD4,863.3190548,4.340159499,1.174016169,3.696848147,0.000218293,0.007309623
RP11-701P16.5,30.30345335,4.972700711,1.345053305,3.697028728,0.000218138,0.007309623
PLAUR,2261.079544,4.06610967,1.100972477,3.693198291,0.000221451,0.007401876
METAP1D,38.80406145,-3.285328374,0.890106475,-3.690938633,0.000223428,0.007454372
MYH10,540.0198042,-3.040958463,0.824799577,-3.686905945,0.000226997,0.007559707
PCDHGB6,34.30200588,-5.396839843,1.465130702,-3.683521093,0.000230034,0.007646972
AP000962.2,14.75659449,-7.137996852,1.939195451,-3.680906352,0.000232406,0.007697936
PLCB4,366.7149982,-5.896090952,1.601791451,-3.68093546,0.00023238,0.007697936
CDKN2A,9.496447616,6.956178215,1.890838063,3.678886284,0.000234255,0.007745177
RP11-483P21.2,19.36586538,7.968798031,2.166797035,3.677685497,0.00023536,0.007767723
MIXL1,19.70305424,-5.1025263,1.388564194,-3.674678004,0.00023815,0.007845681
SFMBT1,71.95652249,4.613982694,1.257454192,3.669304793,0.000243211,0.007998067
RP11-744N12.3,12.71609259,-5.986255033,1.631857513,-3.668368707,0.000244103,0.007998732
CTSH,499.0698861,3.638803833,0.991880695,3.668590237,0.000243892,0.007998732
AF131215.2,34.38724425,-5.06417667,1.384162356,-3.658657996,0.000253539,0.008293134
CAMK2D,426.434835,3.634508536,0.995334887,3.651543398,0.000260669,0.008511169
TAS2R62P,7.932291569,6.694663256,1.833625723,3.651052214,0.000261168,0.008512318
MLLT3,4166.117267,-4.607205492,1.262781638,-3.648457781,0.000263819,0.008583481
CDH23,53.39271086,3.432420426,0.941416239,3.646017865,0.000266335,0.00865001
HMGA2,431.7535208,-5.261132337,1.444066078,-3.64327673,0.000269189,0.008727246
SPOCK3,110.1602908,-4.408498841,1.210365128,-3.64228838,0.000270225,0.00874538
TSHZ3,30.4325779,6.705732409,1.841668604,3.641117839,0.000271457,0.008754619
ARRB2,1342.168386,2.776883329,0.762647399,3.641110336,0.000271465,0.008754619
C1QB,23.47530666,8.250266219,2.266426257,3.640209424,0.000272416,0.008769896
RP11-61F12.1,176.5363895,4.606831254,1.266282134,3.638076483,0.000274682,0.008827342
TCF4,3451.573053,-3.43006943,0.943036986,-3.637258647,0.000275555,0.008839926
LAPTM4B,4640.472742,-3.89640756,1.073293978,-3.630326488,0.000283063,0.00906493
ELF5,8.923674437,6.853000294,1.888655748,3.628506837,0.000285065,0.009113147
RP11-589C21.6,18.36195714,-6.524917053,1.799512637,-3.625935666,0.000287917,0.009188309
OLIG1,19.50857909,7.995512845,2.208683938,3.620034859,0.000294563,0.00938393
HAS2,44.89848545,-7.701472715,2.127982802,-3.619142366,0.000295581,0.00938393
PRRG1,22.26371837,-5.094420522,1.407510739,-3.619454105,0.000295225,0.00938393
CEP70,405.8415689,-3.389852987,0.937196379,-3.6170146,0.000298021,0.009445037
CCL3L1,44.78734815,5.174432697,1.431206654,3.61543365,0.000299845,0.009486484
LILRB3,62.29910174,4.913425163,1.360110145,3.612520047,0.000303236,0.009577236
NAV3,10.71730086,6.218383682,1.721935686,3.611275226,0.000304695,0.00959116
CD48,444.4588775,6.265608949,1.735023798,3.611252455,0.000304722,0.00959116
RP11-153M7.3,9.632846313,6.953569201,1.927089235,3.608327562,0.000308177,0.009683309
IKZF2,476.0999803,-4.803227045,1.331830912,-3.606484128,0.000310374,0.009732306
ZNF287,61.65520188,-4.125073165,1.143905803,-3.606130114,0.000310797,0.009732306
ZNF385D-AS2,15.57200823,-7.217175962,2.005270277,-3.599103844,0.000319316,0.009982015
CTC-523E23.4,24.04982093,-4.879304922,1.358716938,-3.591112163,0.00032927,0.010275684
CTD-2516F10.4,8.52344614,6.779571364,1.888734167,3.58947886,0.00033134,0.010322722
FGR,1341.346694,6.186175166,1.724270817,3.587705078,0.000333601,0.010375567
STARD9,577.0823401,-3.527793229,0.983696873,-3.586260491,0.000335454,0.010415531
ABCA9,60.88931378,4.975191426,1.388101601,3.584169503,0.000338152,0.010481583
TRBV26OR9-2,9.871693854,-6.555162682,1.829270562,-3.583484487,0.000339041,0.010491401
SYDE2,41.62553092,-5.013313594,1.399964241,-3.581029749,0.000342243,0.010572648
ITGA7,23.87302772,5.963838883,1.666719454,3.578189999,0.000345982,0.010670198
ZNF286B,39.79824687,-4.194129464,1.173092332,-3.575276514,0.000349858,0.010771632
PRKCQ-AS1,127.1351937,-3.073769614,0.860329592,-3.572781459,0.00035321,0.010848942
AC015969.3,8.125444895,6.724252999,1.882211303,3.572528221,0.000353551,0.010848942
RPL7AP64,13.11303605,7.40690894,2.076147233,3.567622191,0.000360235,0.011035592
APOBEC3H,10.53589491,6.192032078,1.736266726,3.566290816,0.00036207,0.011073294
ITGB2-AS1,21.97465989,5.347247751,1.499667766,3.56562158,0.000362995,0.01108312
GIPC2,38.13998101,-7.593877598,2.131121664,-3.563324295,0.000366188,0.011162038
SNX30,660.4311014,2.736784328,0.768288606,3.56218263,0.000367784,0.011192112
SIRPD,20.51316037,8.056055784,2.262032677,3.561423257,0.00036885,0.011205954
RP11-219E7.1,13.0035238,7.395080047,2.076760885,3.560872174,0.000369625,0.01121094
RP11-416A17.6,55.3739932,-4.085554304,1.148233535,-3.558121394,0.000373517,0.011310283
CD33,471.5154929,4.833651752,1.360303242,3.553363398,0.000380339,0.011497882
ZNF354C,126.4010961,-4.151701584,1.169632172,-3.54957882,0.000385848,0.011645246
RNASE1,32.02190372,4.695529048,1.327250237,3.53778731,0.000403495,0.012137921
CDH7,461.657834,-5.668281175,1.602153653,-3.537913586,0.000403302,0.012137921
RP11-58E21.3,11.89697864,6.342789637,1.793532752,3.536478289,0.0004055,0.012178268
KB-1907C4.2,26.27872205,-3.996348078,1.130225056,-3.535886997,0.000406408,0.012185614
EMR4P,14.85222617,5.588817652,1.585556518,3.524830297,0.000423754,0.012684974
AC091814.3,8.705330513,6.839668485,1.940794301,3.524159403,0.000424829,0.012696425
FAM127C,31.11050705,-4.586988667,1.301803451,-3.523564685,0.000425783,0.012704262
MAP3K9,13.62665816,-7.026390048,1.994700797,-3.522528321,0.000427451,0.012733332
SMO,37.41174042,-3.903497388,1.108434057,-3.52163249,0.000428898,0.012755727
EVI2B,4388.987709,2.185819182,0.622112649,3.513542422,0.000442174,0.013094898
AMOT,143.7944082,-3.764936127,1.071343875,-3.514218183,0.00044105,0.013094898
RNF175,88.79912984,4.988732597,1.419923807,3.513380487,0.000442443,0.013094898
C19orf35,12.08061164,6.379238795,1.816075813,3.51265005,0.000443661,0.013109802
AMDHD1,17.5057156,5.164116328,1.4711051,3.510365321,0.000447491,0.013201717
ZNF641,713.2185028,1.854057938,0.528359316,3.509085355,0.000449651,0.013244122
GLB1L2,39.02494875,-4.812633855,1.371746028,-3.508400066,0.000450811,0.013257009
GPRIN3,1132.798974,4.316340947,1.230475584,3.507863953,0.00045172,0.013262499
APOA2,12.30640253,7.314280944,2.087919041,3.503143943,0.000459801,0.01347819
AOAH,1907.125224,3.596263887,1.026976351,3.501798149,0.00046213,0.013491041
TMTC2,484.7763493,3.466474542,0.989737645,3.502417595,0.000461056,0.013491041
CKAP4,295.9019181,4.662846476,1.331626875,3.501616378,0.000462445,0.013491041
FKBP15,1516.807295,2.818757136,0.805338794,3.500088606,0.000465104,0.013547063
RP11-458D21.1,63.74856041,-3.616262968,1.033429432,-3.499283894,0.00046651,0.013566483
GFRA2,20.67335141,8.070993903,2.308604259,3.496049126,0.000472202,0.013710288
GPRASP2,128.9239241,-3.725668366,1.066451036,-3.493520321,0.000476697,0.013812736
RP11-473M20.9,14.03030952,6.605377253,1.890914378,3.493218588,0.000477236,0.013812736
CYP7B1,69.07190698,-4.308516881,1.234400255,-3.490372643,0.000482347,0.013916786
AC023590.1,16.26927173,-6.246922801,1.789659066,-3.490565839,0.000481999,0.013916786
EFNA1,21.27398029,-5.291349464,1.516775386,-3.488551773,0.000485645,0.013967996
DAPP1,1001.415205,2.568380067,0.736150036,3.488935598,0.000484948,0.013967996
CPS1,29.83426251,-5.107672723,1.464688052,-3.487208567,0.000488091,0.014016372
CLEC5A,25.15176739,6.423054732,1.843755329,3.483680634,0.000494569,0.014180228
OR2L1P,42.85268333,-3.40172525,0.976653245,-3.483043002,0.000495749,0.014191871
ABCA6,44.24605014,6.442256571,1.851985595,3.478567322,0.000504102,0.014408517
SLCO3A1,686.9834337,2.279939017,0.655580993,3.477738127,0.000505664,0.014430682
VNN3,23.9880033,7.375314678,2.121106631,3.477106982,0.000506856,0.014442235
DSEL,61.74237664,-3.846330194,1.106677208,-3.475566467,0.000509776,0.01450292
CNNM1,35.66265352,-4.034558034,1.161522077,-3.473509555,0.000513699,0.014591916
SLC22A17,10.46816193,-6.637806256,1.9143662,-3.467364947,0.000525588,0.014906547
TMSB4X,7518.17433,2.299360765,0.663516538,3.465415907,0.000529412,0.014991838
NPAS3,11.62543228,-6.7895177,1.959598715,-3.464749007,0.000530727,0.015005905
NOD2,209.5511763,4.742675553,1.369231967,3.463748777,0.000532704,0.015038637
CTSB,4050.235609,2.708481874,0.782584307,3.460945805,0.000538281,0.015172749
SLAIN1,130.9039388,-3.015795311,0.871854572,-3.459057744,0.000542069,0.015232711
ATP7B,41.23914803,-3.586823878,1.036827891,-3.459420708,0.000541339,0.015232711
LRRC4C,30.83511214,-5.235215397,1.517305281,-3.450337557,0.000559886,0.015683363
MS4A6E,29.85335048,4.931129368,1.429498936,3.44955092,0.00056152,0.015683363
C1QTNF7,11.72486936,7.238752698,2.098463628,3.449548804,0.000561524,0.015683363
PDZK1IP1,10.64673048,-6.663564172,1.931103967,-3.450650139,0.000559238,0.015683363
TLR5,456.8447288,4.94378096,1.433777914,3.448080006,0.000564587,0.015744935
TMSB4XP8,195.5187148,2.244256653,0.652038546,3.441907944,0.000577627,0.016084145
SOWAHC,19.82808972,8.005260132,2.326142724,3.441431194,0.000578646,0.016088102
SGSH,17.67789245,7.84208498,2.280392006,3.438919695,0.00058404,0.016189037
KCNA3,621.8631225,-3.607947651,1.049061602,-3.439214288,0.000583405,0.016189037
SALL4,12.73732829,-6.922191268,2.013995407,-3.437044218,0.0005881,0.016276964
BASP1,558.9423202,3.210999563,0.935420205,3.432681426,0.000597644,0.016516213
CCDC171,503.4573957,-2.726311135,0.794823104,-3.430085412,0.000603391,0.01664997
SPI1,100.0309272,2.767368149,0.807823982,3.42570685,0.000613202,0.016895275
TRO,77.75197216,-4.840000729,1.41460593,-3.421448071,0.000622886,0.017136374
LOXL1-AS1,196.1968445,-4.313565458,1.261077125,-3.420540562,0.000624968,0.017167913
CAMSAP2,81.21871789,5.885163911,1.722424227,3.416791182,0.000633639,0.017380073
RP11-553A21.3,7.974013897,-6.249816486,1.831763768,-3.41191184,0.00064509,0.017667756
THEMIS2,908.6267585,2.548249858,0.747507326,3.4089965,0.000652023,0.017831036
BMP2KL,39.69614167,-4.802022003,1.41000877,-3.405668181,0.000660023,0.018022962
CTB-61M7.2,142.1099186,10.85270327,3.187753927,3.40449844,0.000662857,0.018073435
TRBC2,60.12905955,-5.342534221,1.569750063,-3.403429851,0.000665455,0.01810353
WWTR1,23.97937185,-5.44753069,1.60088291,-3.402828938,0.00066692,0.01810353
IGHEP2,17.75809247,5.299548891,1.557341984,3.402944854,0.000666637,0.01810353
TCN2,195.092727,3.764095496,1.107961602,3.397315835,0.000680504,0.018444969
IFNGR1,2287.404782,2.748175477,0.809468298,3.395037808,0.000686191,0.018571695
RP11-284N8.3,188.797793,-3.382888758,0.996896118,-3.393421538,0.000690253,0.018635608
CTD-2517O10.6,8.973924627,-6.430625932,1.895100376,-3.39329041,0.000690584,0.018635608
ST3GAL6,253.718172,3.07345879,0.906265398,3.391345181,0.000695504,0.018740832
CMTM8,19.90494644,-5.812203104,1.714163249,-3.390694036,0.000697159,0.018757866
RP11-229C3.2,8.766221071,-6.392694398,1.88693555,-3.387871091,0.000704374,0.018868987
PCDHGA10,30.11862406,-4.60056792,1.357848646,-3.388130138,0.000703709,0.018868987
CPVL,2542.100317,4.158231664,1.227098497,3.388669836,0.000702325,0.018868987
ALS2,1413.569389,-2.22217962,0.65628019,-3.386022699,0.000709135,0.018968849
SDR42E1,18.41122872,-4.815754743,1.422902195,-3.384459424,0.000713186,0.019049426
RP11-313J2.1,13.99476404,-5.117464247,1.514861747,-3.378172468,0.000729693,0.019462015
EXOSC3P1,12.84669201,-6.935531205,2.055947761,-3.373398555,0.000742464,0.019759609
AP001257.1,6.653434976,6.430661257,1.906398849,3.373198248,0.000743004,0.019759609
ERG,4081.844636,-2.909586412,0.862855642,-3.372043099,0.000746128,0.019813956
RP11-327F22.2,36.55540127,4.712387759,1.398410264,3.36981777,0.000752179,0.019945789
C3,13.81798427,5.217230736,1.548460495,3.369301801,0.000753589,0.019954332
PENK,18.42037699,7.904834812,2.34885446,3.365400005,0.000764328,0.020209528
AC026806.2,15.97885858,4.680715738,1.391244877,3.364408247,0.00076708,0.020253115
ELN,15.07910458,-7.171802784,2.133010821,-3.362290859,0.000772987,0.020379746
IL10RA,1311.211635,3.69640526,1.099856659,3.360806364,0.000777153,0.020445859
TM4SF1,101.5524419,-4.398418576,1.308817893,-3.360603946,0.000777723,0.020445859
KCNQ1,46.57756325,4.966788121,1.479812459,3.356363228,0.000789748,0.02073229
ELANE,11.65464454,7.243361062,2.160154297,3.353168369,0.000798921,0.020943141
ACVRL1,15.04271512,7.602755468,2.268002643,3.352181044,0.000801776,0.020987994
GCSAML,1777.429371,-4.220202087,1.259816378,-3.349854915,0.000808539,0.021134887
SLC27A2,242.7922618,-2.460427294,0.734974292,-3.347637218,0.000815036,0.021274418
BCL6B,13.81990179,-7.042692233,2.104097324,-3.347132356,0.000816522,0.021282928
RP11-731C17.2,56.9282077,-3.402194348,1.016960147,-3.34545494,0.000821477,0.021381708
RP1-35C21.1,13.40974819,7.452113437,2.229121288,3.343072212,0.000828563,0.021535606
SIGLEC16,20.6120416,8.061282762,2.412096799,3.342022909,0.000831702,0.021586607
ICAM1,332.5921742,3.970844052,1.188598572,3.340778077,0.00083544,0.021652993
RP11-506O24.2,15.64930812,-7.225256529,2.164264862,-3.338434522,0.000842519,0.021798043
ABCF2P2,9.55039154,-6.510483525,1.950332598,-3.338140136,0.000843412,0.021798043
DLEU7,9.045237298,6.862132791,2.057308829,3.335489886,0.000851493,0.021975932
FNDC3B,2469.906401,2.533277332,0.760931047,3.329181196,0.000871017,0.022448266
FAM117A,2062.531092,-3.282213117,0.986333897,-3.327689667,0.000875694,0.022537134
SLC8A1-AS1,183.0213357,6.360055477,1.912415771,3.32566567,0.000882077,0.022669616
PTGS1,5182.529413,-3.385276804,1.020417964,-3.317539405,0.000908141,0.023274285
RP11-673E1.3,9.980525988,-5.548297851,1.672347043,-3.317671337,0.000907712,0.023274285
ALDOB,15.4081566,-5.629728663,1.697836066,-3.315825819,0.000913728,0.023340023
C9orf47,12.31845314,7.312019031,2.205349431,3.315582977,0.000914522,0.023340023
ZNF112,37.72659563,-4.921088721,1.484018988,-3.316055092,0.000912978,0.023340023
AC007377.1,14.20284305,7.519339218,2.272640945,3.308634932,0.00093752,0.023893738
DOK5,23.88879773,-7.834436104,2.369076368,-3.306958024,0.00094315,0.023958925
ZNF703,7.464448489,6.596583547,1.994910019,3.306707313,0.000943995,0.023958925
CTSS,20238.17131,3.587149402,1.08470302,3.307033664,0.000942896,0.023958925
S100A4,901.0264411,3.065058885,0.927200681,3.305712502,0.000947352,0.023984929
KIAA1549,409.6490559,-3.462727077,1.047524295,-3.305629373,0.000947633,0.023984929
ATP6V0D2,7.167656599,6.539803307,1.978643121,3.305195989,0.0009491,0.023988962
AGTPBP1,2320.174387,2.228018089,0.674236018,3.304507666,0.000951434,0.024014868
NUP62CL,16.99326365,-7.347545753,2.224640735,-3.30280105,0.000957243,0.024095205
PPP1R17,11.47708738,7.209300585,2.182587216,3.303098512,0.000956228,0.024095205
TRPC1,42.69391516,-4.63566846,1.403966347,-3.301837305,0.000960538,0.024145022
FCAR,362.2393269,11.3170124,3.430055162,3.299367465,0.00096903,0.024291934
LPAR1,101.1023587,4.171064093,1.264164345,3.299463484,0.000968698,0.024291934
RP11-12A2.1,72.0961525,4.976432383,1.509035967,3.297755979,0.000974608,0.024398439
CD200,137.699542,-4.210865558,1.277478395,-3.296232309,0.000979909,0.024497737
MRAP2,14.11993681,-7.072562612,2.150600636,-3.288645271,0.001006708,0.025133462
5\Sep,33.77405353,-5.442309311,1.655480346,-3.28745027,0.00101099,0.025206079
RASGRP4,544.2538693,2.208714127,0.67194752,3.287033673,0.001012487,0.025209147
LILRB4,836.2540125,5.211285732,1.585615891,3.286600343,0.001014046,0.025213755
RP11-246A10.1,25.56526176,-3.860094494,1.175280319,-3.284403245,0.001021986,0.025376779
OR1L8,19.20640675,-6.476401101,1.972269558,-3.283730196,0.001024429,0.025403081
TPK1,249.599851,2.130657517,0.650005457,3.277907124,0.001045798,0.025897966
MRVI1,145.1016146,4.74318684,1.447976041,3.27573572,0.001053871,0.025996013
TNFSF13B,711.5268619,4.251716187,1.297956814,3.27569927,0.001054007,0.025996013
STEAP4,16.42257891,7.732284343,2.360434878,3.275788041,0.001053676,0.025996013
RP11-68L18.1,33.33127075,-3.905067836,1.192695287,-3.274153824,0.001059789,0.026103529
CLEC6A,9.048958041,6.875926972,2.101134722,3.272482673,0.001066074,0.026223136
OFD1P17,80.64942502,-2.714276605,0.829761684,-3.271152014,0.001071103,0.026311571
CR1,920.8622958,3.997389295,1.222714394,3.269274751,0.001078235,0.026451365
ENPP5,62.7994124,-5.444309251,1.66587369,-3.268140487,0.001082566,0.026478355
AP004289.1,10.0234917,5.480904561,1.676943438,3.268389641,0.001081613,0.026478355
KRT23,16.49593933,7.745600776,2.370241153,3.267853469,0.001083665,0.026478355
CAPN2,3516.789147,1.746427684,0.534659479,3.266429854,0.001089128,0.026576458
TUBB4A,7.999377937,-6.252456613,1.91479119,-3.265346449,0.001093303,0.026607564
RP11-342M1.3,17.53037356,-3.490693683,1.06889796,-3.265694025,0.001091962,0.026607564
ENC1,75.32481404,4.296502491,1.31639971,3.263828195,0.001099178,0.02671512
DEFB1,7.189503796,6.535699433,2.004578744,3.260385481,0.001112609,0.027005784
TRIB1,3524.814958,3.361676969,1.031736234,3.258271696,0.00112093,0.027171824
AC008984.2,16.22092053,7.714333103,2.368669163,3.256821688,0.001126672,0.027274971
RP4-639F20.1,22.7093596,-7.761260904,2.384553293,-3.254807065,0.001134694,0.027432989
PPP1R9A,155.7126647,-5.089779877,1.565108304,-3.252030459,0.001145837,0.027665943
TRGV5P,85.65127804,4.686443997,1.441617145,3.250824265,0.00115071,0.027747072
INADL,197.8027717,-3.242006534,0.997859308,-3.248961559,0.001158271,0.027892754
GPSM2,627.4909084,-2.465078097,0.759427955,-3.245967021,0.001170524,0.028101319
RP11-274B18.2,7.392655866,6.575213358,2.025808336,3.24572332,0.001171526,0.028101319
ACSS3,18.74208171,-7.484358798,2.305617215,-3.246141098,0.001169808,0.028101319
KB-7G2.9,27.46031622,-6.98810703,2.155513084,-3.2419692,0.001187069,0.028436954
CPNE8,1162.166986,1.809471489,0.558508819,3.239826174,0.001196026,0.02857692
CNTNAP5,12.44926077,-5.860283822,1.808755888,-3.239952864,0.001195495,0.02857692
OR52B5P,17.14322989,-6.42687707,1.985323643,-3.23719364,0.001207115,0.028804363
TSPYL5,287.6447772,-4.284374376,1.32465084,-3.2343424,0.001219232,0.029055721
MEST,1071.048338,-2.793239106,0.86438391,-3.231479756,0.00123151,0.029310269
CD209,22.60594375,8.195562951,2.537755524,3.229453299,0.001240271,0.029480543
WNK3,29.35096124,-7.08431295,2.195609218,-3.226581894,0.001252784,0.029739433
RP11-508N12.2,11.54192738,-6.77979423,2.102213953,-3.225073367,0.001259404,0.029781775
CD68,7.224236042,6.537497825,2.027089635,3.225065982,0.001259436,0.029781775
C10orf54,676.8190159,2.945176043,0.91307487,3.225558099,0.001257273,0.029781775
RP11-79P5.9,17.64150272,-5.014137388,1.557286904,-3.219790378,0.001282844,0.030257302
CTD-2290C23.2,10.01407112,-6.573588391,2.041503107,-3.219974717,0.001282019,0.030257302
10\Sep,13.9558955,7.498477841,2.331182613,3.216598219,0.001297201,0.030556666
TMEM170B,1712.490618,2.899339756,0.901506194,3.216106306,0.001299427,0.03056985
CNKSR3,132.4996445,-3.108520659,0.966808515,-3.215239224,0.001303359,0.030583925
ZNF572,75.54501065,-3.129353809,0.973282405,-3.215257765,0.001303274,0.030583925
RP11-475N22.4,43.33136214,-4.411263635,1.372171726,-3.214804352,0.001305335,0.030591174
HLA-DPB2,82.08690699,4.72261574,1.46936708,3.214047602,0.00130878,0.030632791
AC005943.5,15.53266756,-3.974256352,1.236893604,-3.213094756,0.00131313,0.03069545
RP11-290F24.6,6.28036939,6.34719258,1.976615613,3.211141579,0.001322088,0.030865536
RP3-340N1.2,69.85423303,5.157052151,1.608687785,3.205750798,0.001347106,0.03140965
RP11-769O8.3,11.65684651,-4.967028815,1.549881147,-3.20478046,0.001351655,0.03147573
GLRB,7.933725859,-6.240065121,1.949382433,-3.201047169,0.001369291,0.031845998
MAP3K1,4192.776456,2.274485532,0.710780704,3.199982104,0.001374361,0.031923453
C1QA,15.61594539,7.659137115,2.398822486,3.192873653,0.001408646,0.032637182
CASP1,1116.578993,2.942620963,0.921610867,3.192910444,0.001408466,0.032637182
RP11-486B10.4,7.098851359,6.514420409,2.04171812,3.190656116,0.001419501,0.032847224
RBM11,14.27834113,-4.747240455,1.488351076,-3.18959722,0.001424712,0.032926281
RP11-524D16__A.3,17.55733905,-7.389689969,2.320445958,-3.184599039,0.001449547,0.033458097
ANKRD22,13.78896937,7.480047161,2.349639767,3.183486791,0.001455128,0.033544711
RP11-112J1.2,7.132089914,6.517642945,2.048847211,3.181126884,0.001467034,0.033776746
DCLK2,90.20995442,-3.979104626,1.251166989,-3.180314588,0.001471152,0.033786794
TLR10,75.88301744,4.929814309,1.549998156,3.180529145,0.001470064,0.033786794
THRB-AS1,10.15711216,-6.598213079,2.074956276,-3.179928732,0.001473113,0.033789524
CRHR1-IT1,118.2274661,-2.606180968,0.819849021,-3.178854765,0.001478582,0.033872624
DNASE1L1,29.85287992,2.406527791,0.758282404,3.173656383,0.001505318,0.034442123
B4GALT6,606.4541155,-2.410611068,0.759698303,-3.1731163,0.001508121,0.034449981
DLG2,26.18769316,-3.169553526,0.998955655,-3.172867094,0.001509416,0.034449981
ARHGEF17,158.2608342,-3.197954446,1.008319993,-3.171567031,0.001516189,0.034561569
RP4-576H24.2,13.58731099,7.458603341,2.355375508,3.166630253,0.001542163,0.03511003
SCG2,14.50459615,5.222919988,1.649783749,3.16582097,0.001546459,0.035164226
PDE6A,7.368780281,5.523617025,1.74496834,3.165454008,0.001548411,0.035165036
RP11-152L20.3,15.96668081,4.102639192,1.296818079,3.163619676,0.001558203,0.035300025
LITAF,2280.104765,2.403880229,0.759837897,3.163675092,0.001557906,0.035300025
CTD-2306M10.1,176.9415611,4.405986288,1.392948557,3.163064612,0.001561177,0.035306952
RP11-486O13.2,9.639489939,-5.487595674,1.735019025,-3.162844669,0.001562357,0.035306952
RP11-588K22.2,982.4701326,-2.907943829,0.91987543,-3.161236549,0.001571009,0.035458804
ZNF502,75.5611062,-2.6607183,0.842227067,-3.159146036,0.001582322,0.035670277
AASS,182.4047368,-4.914295905,1.55740337,-3.155441936,0.001602552,0.03608199
RNU6-1082P,6.00681731,6.275790955,1.990191106,3.153360969,0.001614021,0.036295691
AMOTL2,11.18195051,-6.736181096,2.137123361,-3.151985149,0.001621645,0.036422509
TMEM154,1564.750621,2.444495624,0.775722747,3.15124912,0.001625738,0.036469786
GPR183,4552.821089,3.773737649,1.198688348,3.148222519,0.001642666,0.036801475
HOTAIRM1,59.682084,3.554781515,1.129258423,3.147890193,0.001644535,0.036801475
SNX18,677.1950915,2.971441706,0.944330314,3.146612646,0.001651736,0.036917612
RPL21P104,9.270794103,-6.484567981,2.062451659,-3.144106653,0.001665947,0.037189938
CTD-2547L16.1,5.879938936,6.251044221,1.988804982,3.143115729,0.001671597,0.037270731
AC011841.2,17.66022622,-4.679381473,1.490258793,-3.139979106,0.001689599,0.037626382
OTUD1,1119.271399,3.088823585,0.984184515,3.138459848,0.001698382,0.037776133
GSTM3,248.0910168,-4.19877903,1.338808193,-3.136206554,0.001711486,0.038021515
SIGLEC1,9.8290881,6.983943029,2.228369968,3.134103909,0.001723798,0.038248723
SIGLEC10,317.8723338,3.95475337,1.262485665,3.132513484,0.001733165,0.038410111
AKAP6,112.352776,-3.725495816,1.189552196,-3.131847287,0.001737102,0.038450932
RP11-252C15.1,7.100345051,6.513815486,2.082072034,3.128525517,0.001756858,0.038841369
PTPRM,188.3918534,-4.590838549,1.467838267,-3.127618794,0.001762286,0.038865926
PAPSS2,411.8819623,3.929409023,1.256570459,3.127090085,0.001765458,0.038865926
VDR,207.2557933,2.790339962,0.892358649,3.126926563,0.00176644,0.038865926
ALDH1A2,15.32214088,7.631590714,2.440520028,3.127034659,0.001765791,0.038865926
ITGB7,595.4482499,4.833858574,1.546892338,3.12488365,0.001778754,0.039076142
RP11-325F22.5,5.8611802,6.248295755,1.999687733,3.124635738,0.001780254,0.039076142
MIR155HG,125.5526906,-2.08062673,0.666422293,-3.122084529,0.001795754,0.039369272
RAD51-AS1,32.2462851,-3.599992472,1.153232823,-3.1216528,0.001798389,0.039379997
TPTEP1,517.8287576,-4.966762206,1.592007283,-3.119811233,0.00180967,0.039579784
FCGR2A,3769.719915,4.799811057,1.539008779,3.118767822,0.00181609,0.03967292
EHBP1L1,409.2950841,2.550581164,0.818414092,3.116492236,0.001830165,0.039932851
KAT2B,482.2373556,2.542507752,0.816325173,3.114577178,0.001842088,0.040145258
TMEM132A,12.40004235,7.327901955,2.354067581,3.112868132,0.001852788,0.040330553
LINC00342,111.1517562,-2.408400292,0.774244012,-3.110647617,0.001866776,0.040538856
MAL,20.17672451,-7.59039667,2.43986841,-3.110986084,0.001864637,0.040538856
FAM46A,1105.069956,2.165800858,0.696655848,3.108853336,0.001878149,0.040737634
FCGR1B,79.23466748,3.803500254,1.223667822,3.108278394,0.001881807,0.040768785
OSBPL11,1214.678114,2.548118407,0.819881324,3.10791127,0.001884146,0.040771326
ANKRD44,861.2491147,1.748673472,0.56275103,3.1073661,0.001887625,0.040798486
CD300E,3415.181486,11.68599266,3.765529111,3.103413176,0.001913024,0.041209309
NCEH1,632.8676369,2.750040547,0.886241121,3.103038757,0.001915446,0.041209309
KCNMB1,115.8837288,4.16754803,1.343929146,3.101017672,0.001928568,0.041209309
ZMYND8,1019.66986,-1.836430916,0.591895812,-3.102625289,0.001918123,0.041209309
CTSZ,153.2761225,2.888987738,0.931141708,3.102629506,0.001918096,0.041209309
VNN1,901.3844728,3.264371442,1.051769868,3.103693632,0.001911211,0.041209309
HIST1H2BG,255.7542732,-2.889880211,0.931937573,-3.100937547,0.00192909,0.041209309
RP11-315O6.1,24.04665017,-5.000758429,1.612041097,-3.102128375,0.001921346,0.041209309
ZEB2-AS1,361.3571688,2.899248576,0.934786816,3.101507772,0.001925378,0.041209309
SCML4,54.32463619,-4.14071467,1.334883516,-3.101929584,0.001922637,0.041209309
COTL1,2000.530558,4.138308617,1.335095167,3.099635682,0.001937588,0.041266194
SLC6A6,1207.266614,1.973429714,0.636693656,3.09949643,0.001938499,0.041266194
RP11-661G16.1,13.77451272,-4.609431473,1.486859745,-3.100111821,0.001934476,0.041266194
TIGIT,46.015533,-3.047512547,0.983783381,-3.097747537,0.001949975,0.041462382
OSTF1,1232.071763,2.045859579,0.660569738,3.09711369,0.001954149,0.041503051
TEAD2,9.861223101,-6.552152073,2.117238606,-3.094668713,0.001970328,0.041798296
RP4-647C14.2,9.031916479,6.893290631,2.228782147,3.092850793,0.001982438,0.041813487
RP11-40H19.1,9.478396167,-6.501048971,2.10129876,-3.093824208,0.001975945,0.041813487
PCOLCE2,15.1204825,7.612431527,2.461095504,3.093106917,0.001980728,0.041813487
TENM4,12.78067747,7.369501414,2.382424406,3.093278173,0.001979585,0.041813487
USP3,1442.317693,2.162153876,0.699034083,3.093059307,0.001981045,0.041813487
ZBED3,597.5218124,-2.101871796,0.680178902,-3.090174939,0.002000386,0.042143616
AC092839.4,8.779451659,-6.387949901,2.067810703,-3.089233407,0.002006737,0.04222893
DUSP4,12.34262847,7.319690996,2.37167437,3.08629679,0.002026664,0.042599414
RAB20,90.47914898,5.0076527,1.623286885,3.084884593,0.002036312,0.042704361
PIK3AP1,3458.730842,2.457343662,0.796544068,3.085006544,0.002035477,0.042704361
RAB11FIP1,4397.190507,2.845967219,0.923432834,3.081942849,0.002056543,0.043079415
ZNF157,15.51706362,-7.211655945,2.340427525,-3.08134128,0.002060703,0.043117334
RP11-588L15.2,7.960570628,6.676576232,2.167109557,3.08086696,0.002063988,0.043136889
RP11-203L2.3,28.60828748,-3.091466953,1.003717929,-3.080015672,0.002069897,0.043211161
SLC37A2,32.50603069,3.87302378,1.257691029,3.079471579,0.002073682,0.043240973
ACSL1,3883.640928,2.929177898,0.951804369,3.077499952,0.002087449,0.043478643
LINC01108,9.803493189,6.996186647,2.274019649,3.076572645,0.002093953,0.043530296
ZNF438,322.3001917,1.965502969,0.63888252,3.076470099,0.002094673,0.043530296
C9orf64,187.3574313,1.836442048,0.597375716,3.074182625,0.002110802,0.043761757
SLC31A1,2112.999764,3.208043359,1.043571459,3.074100322,0.002111384,0.043761757
C21orf58,18.99883323,-5.744023058,1.868657434,-3.073876974,0.002112965,0.043761757
CCDC88B,13.5335862,3.632533687,1.181986635,3.073244298,0.002117451,0.043805208
ZNF582-AS1,55.42013547,-3.444459377,1.121674792,-3.07081821,0.002134731,0.044112962
MS4A6A,3553.474703,5.115692219,1.666187731,3.070297616,0.002138456,0.044140225
RP11-769O8.1,52.61152535,-3.913939175,1.274942603,-3.069894414,0.002141345,0.044150195
CD34,3879.255388,-4.498355244,1.466208579,-3.068018635,0.002154832,0.04437841
SYT17,12.95823463,7.397044758,2.41428828,3.063861437,0.002185001,0.044916342
AOX1,20.1570987,-4.226698402,1.379585305,-3.063745596,0.002185847,0.044916342
NT5M,40.77788957,-3.526960661,1.151557146,-3.062775193,0.002192947,0.045011839
RP11-398A8.4,16.53380699,5.662550332,1.849261657,3.062060099,0.002198193,0.045069099
FAM129A,1637.949007,2.673116618,0.873131121,3.061529424,0.002202093,0.045098678
FPGT-TNNI3K,17.98268709,-4.714750874,1.540262306,-3.061005164,0.002205953,0.045127353
AC013444.1,13.65677548,7.464814638,2.440323846,3.058944267,0.002221185,0.045388351
ENTPD1,969.9236293,2.947137498,0.964340919,3.056115778,0.002242247,0.045767769
GTSF1,24.79629512,-5.772858286,1.890147486,-3.05418404,0.002256736,0.046012338
RN7SKP190,15.21272622,6.549596386,2.145122358,3.053250721,0.002263767,0.046053356
LINC00669,63.97282496,-4.550129585,1.49012784,-3.053516257,0.002261765,0.046053356
VANGL2,79.4176856,-3.473153187,1.139230462,-3.048683566,0.002298464,0.046707444
RP11-111M22.4,14.12163397,-4.375761461,1.435605113,-3.048025826,0.002303501,0.046758019
STX18-IT1,8.01957928,6.689237195,2.195321342,3.047042393,0.002311051,0.046859435
PHOSPHO1,7.57163261,6.602947569,2.167568572,3.04624622,0.00231718,0.046880102
PIP5K1B,506.3491714,-3.144588334,1.032270039,-3.046284612,0.002316884,0.046880102
CTA-293F17.1,14.28710143,-4.412005575,1.448638003,-3.045623245,0.002321986,0.046925597
RP4-710M3.2,7.941544353,-6.248403024,2.052498523,-3.044291118,0.002332293,0.047082048
HSPA6,29.54707781,6.058179461,1.990869037,3.04298241,0.00234246,0.047235325
RFPL1S,10.25115858,-5.567270969,1.830748129,-3.040981378,0.002358084,0.047394134
SHANK2,25.9938463,-6.901960134,2.269566404,-3.041091955,0.002357218,0.047394134
RP11-1012A1.7,5.39885479,6.12582168,2.014068358,3.041516271,0.002353898,0.047394134
CGREF1,12.23758745,-5.937261712,1.95410145,-3.038358993,0.002378704,0.047756256
RP11-301G23.1,16.92013737,-7.335797331,2.41542594,-3.037061584,0.002388966,0.047909873
DISC1-IT1,9.423353654,5.391174145,1.775879187,3.035777538,0.002399163,0.048026723
AP004289.2,7.414903884,5.524467694,1.819851856,3.035668906,0.002400028,0.048026723
GOLGA5P1,5.759035328,6.2166094,2.049556847,3.033148072,0.002420168,0.048373589
LRRC49,27.65276082,-4.205410349,1.386624166,-3.032840802,0.002422634,0.048373589
ZNF208,14.74775015,-4.716358279,1.555513355,-3.032026864,0.002429176,0.048451496
SNAP47,97.73566885,-2.390222762,0.788685838,-3.030639892,0.002440361,0.048621744
RP11-701P16.2,81.17695927,2.937297788,0.969542085,3.029572243,0.002449003,0.048665786
RN7SL141P,9.830012308,4.512734724,1.489623755,3.029445999,0.002450027,0.048665786
RP11-84C10.2,258.872139,3.930951989,1.297607587,3.029384251,0.002450528,0.048665786
NEFH,19.54504988,-3.858372752,1.274249597,-3.027956815,0.002462133,0.048843389
KIAA1244,14.54295335,-7.11773957,2.351304547,-3.027144901,0.002468756,0.048880631
MARCKS,503.3814297,4.296157494,1.419244442,3.027073679,0.002469338,0.048880631
RP11-549B18.1,49.86692761,-2.773464144,0.916810843,-3.025121445,0.002485333,0.049144248
RP1-93H18.7,20.5859714,4.677166045,1.546485106,3.024384798,0.002491393,0.049211053
SULT1B1,921.1787763,4.493561516,1.486329034,3.023261614,0.00250066,0.049340972
RYR2,11.75840828,-6.807671157,2.253432676,-3.021022651,0.002519225,0.0496539
TMEM38A,9.698374443,5.212126791,1.726393933,3.019083125,0.00253541,0.049919276
